{
  "posts": [
    {
      "id": 1,
      "title": "json-server",
      "author": "typicode"
    }
  ],
  "comments": [
    {
      "id": 1,
      "body": "some comment",
      "postId": 1
    }
  ],
  "profile": {
    "name": "typicode"
  },
  "Todos": [
    {
      "id": 1,
      "taskName": "Angular",
      "taskStatus": "Incomplete"
    },
    {
      "id": 2,
      "taskName": "Html",
      "taskStatus": "Completeee"
    },
    {
      "id": 3,
      "taskName": "Css",
      "taskStatus": "Complete"
    }
  ]
}